mutation,mean_relative_risk,std_error,p_value_vs_WT,significant
PIK3CA_H1047R,3.200310079544145,0.1306429302685527,1.531832116836585e-08,True
WT,1.7423490027824606,0.017192528177630007,,False
PIK3CA_E545K,1.7071095805294858,0.03188452401953673,0.9176447590487352,False
AKT1_E17K,1.581421138620283,0.07193214884648375,0.017307332808818365,True
PTEN_del,1.5566327650128646,0.02162390746542697,1.8302921362045584e-06,True
